{"cameraMode":{"drawMode":0,"name":"Shaded","section":"Shading Mode"},"sceneLighting":true,"audioPlay":false,"sceneViewState":{"showFog":true,"showMaterialUpdate":false,"showSkybox":true,"showFlares":true,"showImageEffects":true,"showParticleSystems":true},"in2DMode":false,"pivot":{"x":-12.427237510681153,"y":-3.8695268630981447,"z":-12.226576805114746},"rotation":{"x":0.10563094168901444,"y":-0.8936018347740173,"z":0.2882176637649536,"w":0.32750266790390017},"size":10.0,"orthographic":false}