{"cameraMode":{"drawMode":0,"name":"Shaded","section":"Shading Mode"},"sceneLighting":true,"audioPlay":false,"sceneViewState":{"showFog":true,"showMaterialUpdate":false,"showSkybox":true,"showFlares":true,"showImageEffects":true,"showParticleSystems":true},"in2DMode":false,"pivot":{"x":5.03963565826416,"y":-26.599206924438478,"z":-11.918844223022461},"rotation":{"x":-0.25511959195137026,"y":-0.7359440922737122,"z":0.5051102638244629,"w":-0.3717125654220581},"size":25.421037673950197,"orthographic":false}